{
  "9 CFR \u00a72.1": "https://www.ecfr.gov/current/title-9/subtitle-A/chapter-I/subchapter-A/part-2/subpart-A/section-2.1#p-2.1(Definitions)",
  "9 CFR \u00a72.31": "https://www.ecfr.gov/current/title-9/subtitle-A/chapter-I/subchapter-A/part-2/subpart-C/section-2.31",
  "9 CFR \u00a72.31(c)(2)": "https://www.ecfr.gov/current/title-9/subtitle-A/chapter-I/subchapter-A/part-2/subpart-C/section-2.31#p-2.31(c)(2)",
  "9 CFR \u00a72.31(d)(1)": "https://www.ecfr.gov/current/title-9/subtitle-A/chapter-I/subchapter-A/part-2/subpart-C/section-2.31#p-2.31(d)(1)",
  "9 CFR \u00a72.31(d)(1)(i)": "https://www.ecfr.gov/current/title-9/subtitle-A/chapter-I/subchapter-A/part-2/subpart-C/section-2.31#p-2.31(d)(1)(i)",
  "9 CFR \u00a72.32": "https://www.ecfr.gov/current/title-9/subtitle-A/chapter-I/subchapter-A/part-2/subpart-C/section-2.32",
  "9 CFR \u00a72.33": "https://www.ecfr.gov/current/title-9/subtitle-A/chapter-I/subchapter-A/part-2/subpart-C/section-2.33",
  "9 CFR \u00a72.35": "https://www.ecfr.gov/current/title-9/subtitle-A/chapter-I/subchapter-A/part-2/subpart-D/section-2.35",
  "9 CFR \u00a72.36": "https://www.ecfr.gov/current/title-9/subtitle-A/chapter-I/subchapter-A/part-2/subpart-D/section-2.36",
  "9 CFR \u00a72.75": "https://www.ecfr.gov/current/title-9/subtitle-A/chapter-I/subchapter-A/part-2/subpart-E/section-2.75",
  "9 CFR Part 3": "https://www.ecfr.gov/current/title-9/subtitle-A/chapter-I/subchapter-A/part-3",
  "PHS Policy IV.A": "https://olaw.nih.gov/policies-laws/phs-policy.htm#AnimalWelfareAssurance",
  "PHS Policy IV.B.1 & B.2": "https://olaw.nih.gov/policies-laws/phs-policy.htm#FunctionsoftheInstitutionalAnimalCareandUseCommittee",
  "PHS Policy IV.C.1.a": "https://olaw.nih.gov/policies-laws/phs-policy.htm#ReviewofPHS-ConductedorSupportedResearchProjects",
  "Guide 2011, Ch. 2 (Animal Care & Use Program)": "https://www.ncbi.nlm.nih.gov/books/NBK54045/#top",
  "Guide 2011, Ch. 3 (Environment, Housing, and Management)": "https://www.ncbi.nlm.nih.gov/books/NBK54046/#top",
  "Guide 2011, Ch. 4 (Veterinary Care)": "https://www.ncbi.nlm.nih.gov/books/NBK54052/#top",
  "42 U.S.C. \u00a7289d": "https://www.law.cornell.edu/uscode/text/42/289d",
  "42 U.S.C. \u00a7283m": "https://www.law.cornell.edu/uscode/text/42/283m",
  "NIH Chimpanzee Research Policy (2015)": "https://grants.nih.gov/grants/guide/notice-files/NOT-OD-12-025.html",
  "AAALAC International Program Description": "https://www.aaalac.org/accreditation-program/program-description/",
  "Guide 2011, Ch. 4 (Transport of Animals)": "https://www.ncbi.nlm.nih.gov/books/NBK54052/#ch4.s1",
  "PHS Policy IV.A.3.b": "https://olaw.nih.gov/policies-laws/phs-policy.htm#AnimalWelfareAssurance",
  "PHS Policy IV.E": "https://olaw.nih.gov/policies-laws/phs-policy.htm#RecordkeepingRequirements",
  "PHS Policy IV.C.6": "https://olaw.nih.gov/policies-laws/phs-policy.htm#ReviewofPHS-ConductedorSupportedResearchProjects",
  "PHS Policy IV.A.1.g": "https://olaw.nih.gov/policies-laws/phs-policy.htm#AnimalWelfareAssurance"
}