{
  "PHS Policy IV.A.3.b": "https://olaw.nih.gov/policies-laws/phs-policy.htm",
  "PHS Policy IV.C.1.f": "https://olaw.nih.gov/policies-laws/phs-policy.htm",
  "PHS Policy IV.C.6": "https://olaw.nih.gov/policies-laws/phs-policy.htm",
  "PHS Policy IV.E": "https://olaw.nih.gov/policies-laws/phs-policy.htm",
  "9 CFR §2.31(b)(1)": "https://www.aphis.usda.gov/media/document/17164/file",
  "9 CFR §2.31(b)(3)": "https://www.aphis.usda.gov/media/document/17164/file",
  "9 CFR §2.31(d)(6)": "https://www.aphis.usda.gov/media/document/17164/file",
  "9 CFR §2.32(c)": "https://www.aphis.usda.gov/media/document/17164/file",
  "9 CFR §2.35": "https://www.aphis.usda.gov/media/document/17164/file",
  "PHS Policy IV.A.1.g": "https://olaw.nih.gov/policies-laws/phs-policy.htm",
  "Guide, p. 13": "https://www.ncbi.nlm.nih.gov/books/NBK54045/#ch2.s2",
  "Guide, p. 15": "https://www.ncbi.nlm.nih.gov/books/NBK54045/#ch2.s2",
  "Guide, p. 15–16": "https://www.ncbi.nlm.nih.gov/books/NBK54045/#ch2.s2",
  "Guide, p. 16": "https://www.ncbi.nlm.nih.gov/books/NBK54045/#ch2.s2",
  "Guide, p. 17": "https://www.ncbi.nlm.nih.gov/books/NBK54045/#ch2.s8",
  "Guide, p. 35": "https://www.ncbi.nlm.nih.gov/books/NBK54048/#ch4.s8",
  "Guide, p. 8": "https://www.ncbi.nlm.nih.gov/books/NBK54054/#ch1.s3",
  "Guide, p 4-5": "https://www.ncbi.nlm.nih.gov/books/NBK54054/#ch1.s4",
  "The Guide, p. 13": "https://www.ncbi.nlm.nih.gov/books/NBK54045/#ch2.s2",
  "The Guide, p. 15": "https://www.ncbi.nlm.nih.gov/books/NBK54045/#ch2.s2",
  "The Guide, p. 15–16": "https://www.ncbi.nlm.nih.gov/books/NBK54045/#ch2.s2",
  "The Guide, p. 16": "https://www.ncbi.nlm.nih.gov/books/NBK54045/#ch2.s2",
  "The Guide, p. 17": "https://www.ncbi.nlm.nih.gov/books/NBK54045/#ch2.s2",
  "The Guide, p. 35": "https://www.ncbi.nlm.nih.gov/books/NBK54048/#ch4.s8",
  "PHS Policy IV.F.3": "https://olaw.nih.gov/policies-laws/phs-policy.htm#ReportingRequirements",
  "PHS Policy IV B": "https://olaw.nih.gov/policies-laws/phs-policy.htm",
  "PHS Policy IV C": "https://olaw.nih.gov/policies-laws/phs-policy.htm",
  "PHS Policy IV A3": "https://olaw.nih.gov/policies-laws/phs-policy.htm",
  "PHS Policy IV C 1": "https://olaw.nih.gov/policies-laws/phs-policy.htm",
  "PHS Policy IV D": "https://olaw.nih.gov/policies-laws/phs-policy.htm",
  "PHS Policy III.A": "https://olaw.nih.gov/policies-laws/phs-policy.htm",
  "NOT-OD-05-034": "https://grants.nih.gov/grants/guide/notice-files/NOT-OD-05-034.html",
  "NOT-OD-23-063": "https://grants.nih.gov/grants/guide/notice-files/NOT-OD-23-063.html",
  "NOT-OD-14-126": "https://grants.nih.gov/grants/guide/notice-files/NOT-OD-14-126.html",
  "9 CFR § 1.1": "https://www.ecfr.gov/current/title-9/chapter-I/subchapter-A/part-1/section-1.1",
  "9 CFR §2.31": "https://www.ecfr.gov/current/title-9/chapter-I/subchapter-A/part-2/subpart-C/section-2.31",
  "9 CFR 2.31(d) (1) (i)-(iv)": "https://www.ecfr.gov/current/title-9/chapter-I/subchapter-A/part-2/subpart-C/section-2.31",
  "AAALAC Position Statement": "https://www.aaalac.org/accreditation-standards/position-statements/#vetcare",
  "AAALAC FAQ H2": "https://www.aaalac.org/accreditation-program/faqs/#H2",
  "ARENA/OLAW IACUC Guidebook, p. 91-92": "https://olaw.nih.gov/education/guidebook",
  "Protocol Review LabAnimal Vol 46, No 3. March 2017": "https://www.nature.com/articles/laban.1215"
}